order_id,payment_sequential,payment_type,payment_installments,payment_value
6ad57aecbae806a7e9cc2cdb6b380711,1,credit_card,2,161.47
98fe01bc254b759c1f2c11d77c2891d5,1,voucher,1,150.0
ee0db22a8e742b752914016708470ec8,1,credit_card,4,167.82
c272bcd21c287498b4883c7512019702,1,credit_card,1,97.68
b68d69564a79dea4776afa33d1d2fcab,1,credit_card,9,262.37
6147a4d49752afd35a119d794e481588,1,credit_card,3,47.68
76c6e866289321a7c93b82b54852dc33,1,boleto,1,35.95
6abaad69b8b349c3a529b4b91ce18e46,1,credit_card,4,57.0
d3c8851a6651eeff2f73b0e011ac45d0,1,credit_card,1,299.84
53cdb2fc8bc7dce0b6741e2150273451,1,boleto,1,141.46
f271576bed568e896f99eb710cd3a6f8,1,credit_card,4,824.76
2f634e2cebf8c0283e7ef0989f77d217,1,credit_card,12,615.53
2f30c0b1905c65a8ff6c6358bc909625,1,credit_card,2,217.93
e481f51cbdc54678b7cc49136f2d6af7,1,credit_card,1,18.12
6942b8da583c2f9957e990d028607019,1,boleto,1,69.12
47770eb9100c2d0c44946d9cf07ec65d,1,credit_card,3,179.12
68e48e68da1f50f7c5838ea75e3a20dd,1,credit_card,3,392.6
688052146432ef8253587b930b01a06d,1,credit_card,3,346.09
ed3efbd3a87bea76c2812c66a0b32219,1,voucher,1,191.46
d3d6788577c9592da441752e8a1dd5e3,1,credit_card,7,76.65
5869074071e0f56e9085dc3742c97b2a,1,boleto,1,320.18
6514b8ad8028c9f2cc2374ded245783f,1,credit_card,3,75.16
ecab90c9933c58908d3d6add7c6f5ae3,1,credit_card,3,63.34
fa516182d28f96f5f5c651026b0749ee,1,credit_card,1,209.41
9faeb9b2746b9d7526aef5acb08e2aa0,1,credit_card,2,151.04
948097deef559c742e7ce321e5e58919,1,credit_card,9,95.67
f70a0aff17df5a6cdd9a7196128bd354,1,boleto,1,313.19
6a6c7d523fd59eb5bbefc007331af717,1,credit_card,1,40.48
68873cf91053cd11e6b49a766db5af1a,1,boleto,1,91.66
e69bfb5eb88e0ed6a785585b27e16dbf,2,voucher,1,161.42
b8801cccd8068de30112e4f49903d74a,1,credit_card,2,27.77
9021cf1919f615a121410790dcce848f,1,boleto,1,233.87
dcb36b511fcac050b97cd5c05de84dc3,1,credit_card,10,146.45
1b9ecfe83cdc259250e1a8aca174f0ad,1,boleto,1,33.34
1e7aff52cdbb2451ace09d0f848c3699,1,credit_card,4,154.19
9f3458f0433d4cfa472f4682654b8d49,1,credit_card,4,78.18
cadbb3657dac2dbbd5b84b12e7b78aad,1,boleto,1,409.79
662823ed689412b9a2e5085620e06070,1,credit_card,1,62.83
3a129877493c8189c59c60eb71d97c29,1,credit_card,1,14.12
d22e9fa5731b9e30e8b27afcdc2f8563,1,debit_card,1,121.62
2eb5ba20812f78127f6243fa27fb40e5,1,boleto,1,252.61
2edfd6d1f0b4cd0db4bf37b1b224d855,1,boleto,1,141.15
6bfa92d3952f762df12752e4937cd63e,1,credit_card,1,120.31
2711a938db643b3f0b62ee2c8a2784aa,1,boleto,1,59.1
3a129877493c8189c59c60eb71d97c29,2,voucher,1,36.88
86f0bcd9b426a2c1022ae317c7f27be6,1,credit_card,5,177.59
403b97836b0c04a622354cf531062e5f,1,credit_card,10,1376.45
e6ce16cb79ec1d90b1da9085a6118aeb,1,credit_card,1,259.06
3bc77ce8be27211bac313c2daa402d1a,1,credit_card,1,66.98
10c320f977c6a18f91b2d14be13128c6,1,credit_card,3,132.26
686541986ecfb7d9296eb67719973bf0,1,credit_card,1,39.99
f633c884a99eb63866600655356d973e,1,credit_card,7,619.9
d57e15fb07fd180f06ab3926b39edcd2,1,boleto,1,134.38
714fb133a6730ab81fa1d3c1b2007291,1,credit_card,4,96.01
949d5b44dbf5de918fe9c16f97b45f8a,1,credit_card,1,72.2
83018ec114eee8641c97e08f7b4e926f,2,voucher,1,62.15
fdf128b3630c21adc9ca4fb8a51b68ec,1,debit_card,1,46.2
5acce57f8d9dfd55fa48e212a641a69d,1,boleto,1,43.0
a4591c265e18cb1dcee52889e2d8acc3,1,credit_card,6,175.26
8e24261a7e58791d10cb1bf9da94df5c,1,credit_card,5,84.0
989225ba6d0ebd5873335f7e01de2ae7,1,credit_card,1,63.1
95266dbfb7e20354baba07964dac78d5,1,credit_card,3,187.57
641fb0752bf5b5940c376b3a8bb9dc52,1,credit_card,10,386.33
6a6c7d523fd59eb5bbefc007331af717,2,voucher,1,136.13
83018ec114eee8641c97e08f7b4e926f,3,voucher,1,24.86
f3e7c359154d965827355f39d6b1fdac,1,boleto,1,104.11
7206b86ea789983f7a273ea7fa0bc2a8,1,credit_card,4,49.69
37553832a3a89c9b2db59701c357ca67,1,boleto,1,132.46
84b8ba39037606b7b30a39d02e9e4154,1,credit_card,1,414.97
b276e4f8c0fb86bd82fce576f21713e0,1,credit_card,2,188.41
e481f51cbdc54678b7cc49136f2d6af7,3,voucher,1,2.0
fbf9ac61453ac646ce8ad9783d7d0af6,1,boleto,1,125.43
634e8f4c0f6744a626f77f39770ac6aa,2,voucher,1,227.2
2807d0e504d6d4894d41672727bc139f,1,credit_card,1,17.28
f56dc9034c3962e36d49fb73baa12800,1,credit_card,4,205.81
434d158e96bdd6972ad6e6d73ddcfd22,1,boleto,1,508.17
734e7d1bbaeb2ff82521ca0fe6fb6f79,1,credit_card,1,43.46
0130f0f71fb0e831d18e6a3b33a3a50c,1,boleto,1,52.77
138849fd84dff2fb4ca70a0a34c4aa1c,1,boleto,1,52.84
e425680f760cbc130be3e53a9773c584,1,credit_card,1,50.25
ee64d42b8cf066f35eac1cf57de1aa85,1,boleto,1,22.36
a6aeb116d2cb5013eb8a94585b71ffef,1,credit_card,1,59.34
8563039e855156e48fccee4d611a3196,1,credit_card,4,106.95
38b7efdf33dd5561f4f5d4f6e07b0414,1,credit_card,1,44.09
e69bfb5eb88e0ed6a785585b27e16dbf,1,credit_card,1,8.34
3b4ad687e7e5190db827e1ae5a8989dd,1,credit_card,10,865.01
95e42e6aaf6264cd3e77c06b32dc3003,1,credit_card,8,92.85
ccbabeb0b02433bd0fcbac46e70339f2,1,boleto,1,43.0
f7959f8385f34c4f645327465a1c9fc4,2,voucher,1,22.03
f7959f8385f34c4f645327465a1c9fc4,1,credit_card,1,6.83
4d630f57194f5aba1a3d12ce23e71cd9,1,credit_card,2,240.23
a39d3db795a5cf4c8b6c9dd050f0d326,1,credit_card,4,146.01
23f553848a03aaab35bb3f9f87725125,1,credit_card,2,117.77
c5e1ff5a434a0e128ac186bd92c1060d,1,credit_card,4,174.99
00b1cb0320190ca0daa2c88b35206009,1,not_defined,1,0.0
f373335aac9a659de916f7170b8bc07a,1,credit_card,3,59.18
a910f58086d58b3ae6f37aa712d377b9,1,credit_card,5,145.66
e4de6d53ecff736bc68804b0b6e9f635,1,boleto,1,231.12
f0df036e9be21fc238f131bbfcdde769,1,credit_card,5,59.74
40c5e18f7d112b59b3e5113a59a905b3,1,credit_card,3,128.68
e346cd9299371b18c0b28e8e29a5e376,1,credit_card,3,42.59
1790eea0b567cf50911c057cf20f90f9,1,credit_card,4,224.9
8447ff843b2616c50c0ced28ab1dae03,1,boleto,1,238.69
e3447938231fb6ba2fee0231b51eca59,1,credit_card,2,172.14
10918fe4d665fda80034712895c2b92f,1,credit_card,1,76.18
8f06cc6465925031568537b815f1198d,1,credit_card,9,317.34
432aaf21d85167c2c86ec9448c4e42cc,1,credit_card,1,54.36
91b2a010e1e45e6ba3d133fa997597be,1,credit_card,8,192.68
8d4c637f1accf7a88a4555f02741e606,1,voucher,1,66.44
34513ce0c4fab462a55830c0989c7edb,1,credit_card,1,114.13
0966b61e30c4a07edbd7523f59b3f3e4,1,credit_card,5,274.11
375f80ffc05feb35ce2680f1fa490575,1,credit_card,2,111.02
1950d777989f6a877539f53795b4c3c3,1,credit_card,2,44.09
6b860b35691d486e45dc98e3514ec5f6,1,boleto,1,574.36
0a4a2fccb27bd83a892fa503987a595b,1,credit_card,5,63.34
df8282afe61008dc26c6c31011474d02,1,boleto,1,139.96
d17dc4a904426827ca80f2ccb3a6be56,1,credit_card,1,54.82
f169bd689fb8b32ccd62df9050aebc0b,1,credit_card,8,772.08
203096f03d82e0dffbc41ebc2e2bcfb7,1,boleto,1,118.86
60550084e6b4c0cb89a87df1f3e5ebd9,1,boleto,1,66.79
86f21bf63784876b9fd6d35f46581d72,1,credit_card,4,120.84
634e8f4c0f6744a626f77f39770ac6aa,1,credit_card,1,7.08
36530871a5e80138db53bcfd8a104d90,1,credit_card,6,63.79
5ff96c15d0b717ac6ad1f3d77225a350,1,credit_card,3,32.7
136cce7faa42fdb2cefd53fdc79a6098,1,credit_card,1,65.95
6a0a8bfbbe700284feb0845d95e0867f,1,credit_card,5,101.74
03310aa823a66056268a3bab36e827fb,1,voucher,1,3184.34
ad21c59c0840e6cb83a9ceb5573f8159,1,credit_card,1,28.62
f848643eec1d69395095eb3840d2051e,1,credit_card,4,88.9
9defaf92cff22420e4e8ef7784815a55,1,credit_card,6,62.69
20e0101b20700188cadb288126949685,1,credit_card,5,105.56
41bb5cee06dbf170878a9ef93ac7e7f5,1,credit_card,2,23.69
974c1993ab8024d3ed16229183c2308d,1,boleto,1,84.56
77e9941864fc840be8e4b1ba5347c0f7,1,credit_card,1,103.27
bd4bd0194d6d29f83b8557d4b89b572a,1,boleto,1,37.83
acce194856392f074dbf9dada14d8d82,1,credit_card,10,227.68
2ce1ad82022c1ba30c2079502ac725aa,1,boleto,1,130.56
e481f51cbdc54678b7cc49136f2d6af7,2,voucher,1,18.59
85ce859fd6dc634de8d2f1e290444043,1,credit_card,1,29.75
83018ec114eee8641c97e08f7b4e926f,1,credit_card,1,5.96
0760a852e4e9d89eb77bf631eaaf1c84,1,boleto,1,50.35
ec341c54a5ebf8ee0a67a8632aa7579b,1,credit_card,2,29.92
98fe01bc254b759c1f2c11d77c2891d5,2,voucher,1,49.06
5820a1100976432c7968a52da59e9364,1,credit_card,1,52.24
a685d016c8a26f71a0bb67821070e398,1,boleto,1,99.26
0e782c3705510e717d28907746cbda82,1,credit_card,1,37.38
82bce245b1c9148f8d19a55b9ff70644,1,boleto,1,267.8
6ebaec694d7025e2ad4a05dba887c032,1,credit_card,7,153.72
dd78f560c270f1909639c11b925620ea,1,credit_card,2,60.69
116f0b09343b49556bbad5f35bee0cdf,1,credit_card,4,43.09
66e4624ae69e7dc89bd50222b59f581f,1,credit_card,9,91.68
7a9d4c7f9b068337875b95465330f2fc,1,credit_card,2,72.9
6ea2f835b4556291ffdc53fa0b3b95e8,1,credit_card,10,356.12
82566a660a982b15fb86e904c8d32918,1,boleto,1,50.13
15bed8e2fec7fdbadb186b57c46c92f2,1,credit_card,2,138.28
f346ad4ee8f630e5e4ddaf862a34e6dd,1,credit_card,1,53.66
b52cc4919de82b4d696a4380d10804a3,1,boleto,1,55.02
6d25592267349b322799e2beb687871e,1,boleto,1,201.82
25f4376934e13d3508486352e11a5db0,1,credit_card,5,82.33
d887b52c6516beb39e8cd44a5f8b60f7,1,credit_card,1,100.25
47aa4816b27ba60ec948cd019cc1afc1,1,boleto,1,71.91
